minggu_standar,week_start,anomaly_score,week_on_week_change,spike_from_mean,tren_0,tren_1,tren_2,tren_3,tren_4,tren_5,tren_6,tren_7,tren_8,tren_9,tren_10,tren_11,tren_12,tren_13,skor_inversi,skor_intensitas_lonjakan,indeks_minat_publik
2020-01-06,2020-01-06,-0.0817842844835065,0.0,0.0,-0.121429114025847,-0.3382249654480598,-0.8666316755626625,-0.25791975894529995,-0.4094993774817847,0.01836025310569382,-0.6768660727190907,-1.0996766614341107,-1.2167260580377575,-0.31139341549978106,-0.5522714299668222,-0.5832398388505508,-0.46819618980890987,-0.38910870279580734,0.0817842844835065,0.0,-0.519487357676485
2020-01-13,2020-01-13,-0.1011852933598632,168.47826086956525,45.72271386430678,-0.121429114025847,-0.3382249654480598,-0.9403976885841961,-0.25791975894529995,-0.4094993774817847,0.01836025310569382,-0.6768660727190907,-1.0996766614341107,-0.4128890065800259,-0.31139341549978106,-0.5522714299668222,-0.5832398388505508,-0.46819618980890987,-0.38910870279580734,0.1011852933598632,0.1011852933598632,-0.46733942635961373
2020-01-20,2020-01-20,-0.0015196682495816,-0.4048582995951455,26.15384615384616,-0.01857931799302577,-0.3382249654480598,-0.7928656625411289,-0.25791975894529995,-0.4094993774817847,0.01836025310569382,-0.6768660727190907,-1.0996766614341107,-0.6602234839516357,-0.26074705726004754,-0.5522714299668222,-0.5832398388505508,-0.46819618980890987,-0.38910870279580734,0.0015196682495816,0.0,-0.4635041618636128
2020-01-27,2020-01-27,0.0126863224408535,10.162601626016254,26.635514018691588,0.08427047803979545,-0.3382249654480598,-0.7190996495195954,-0.25791975894529995,-0.4094993774817847,0.10459780557183072,-0.6768660727190907,-1.0996766614341107,0.20544718684899824,-0.15945434078058046,-0.5522714299668222,-0.5832398388505508,-0.46819618980890987,-0.38910870279580734,-0.0126863224408535,0.0,-0.3756601083778563
2020-02-03,2020-02-03,0.0406085927228538,5.535055350553497,8.952380952380953,-0.01857931799302577,-0.3382249654480598,-0.6453336364980617,-0.25791975894529995,-0.4094993774817847,0.10459780557183072,-0.6768660727190907,-1.0766210841958734,-0.5983898646087332,-0.15945434078058046,-0.5522714299668222,-0.5832398388505508,-0.46819618980890987,-0.38910870279580734,-0.0406085927228538,0.0,-0.4335076267514836
2020-02-10,2020-02-10,0.0568203979276504,-1.74825174825175,3.690036900369003,-0.121429114025847,-0.3382249654480598,-0.7928656625411289,-0.25791975894529995,-0.3822580025849278,0.36331046297024144,-0.6768660727190907,-1.0535655069576364,0.4527816642206079,-0.26074705726004754,-0.5522714299668222,-0.5832398388505508,-0.46819618980890987,-0.38910870279580734,-0.0568203979276504,0.0,-0.3614714410509485
2020-02-17,2020-02-17,0.050712414590022,4.982206405693956,4.148278905560459,-0.121429114025847,-0.3382249654480598,-0.8666316755626625,-0.25791975894529995,-0.4094993774817847,0.27707291050410454,-0.6768660727190907,-1.0535655069576364,0.7001161415922176,-0.26074705726004754,-0.5522714299668222,-0.5832398388505508,-0.46819618980890987,-0.38910870279580734,-0.050712414590022,0.0,-0.357179331266157
2020-02-24,2020-02-24,0.0479169740600421,2.3728813559322104,3.7800687285223367,2.3469659907618623,-0.3382249654480598,-0.2765035713903938,-0.25791975894529995,-0.4094993774817847,0.10459780557183072,-0.6768660727190907,-0.9613431980046878,-0.10372090986551386,1.9676927052882285,-0.5522714299668222,-0.5832398388505508,-0.46819618980890987,2.6146268928363097,-0.0479169740600421,0.0,0.17186414871265124
2020-03-02,2020-03-02,0.048886412101615,-6.9536423841059625,-3.019844693701467,1.6270174185321138,-0.3382249654480598,-0.35026958441192735,-0.25791975894529995,-0.4094993774817847,0.36331046297024144,-0.5486090540498254,-0.6846762711458422,0.3291144255348031,1.7651072723292942,-0.5522714299668222,-0.5832398388505508,-0.46819618980890987,0.7965764007431863,-0.048886412101615,0.0,0.049158536428615465
2020-03-09,2020-03-09,0.0161226837989334,57.29537366548043,33.939393939393945,9.85500110115781,-0.3382249654480598,1.936476819255614,-0.25791975894529995,-0.4094993774817847,-0.15411485182658,-0.09970948870739661,0.9753252900072317,0.26728080619190064,9.767231874207194,0.005396789217916791,-0.4469380295451073,-0.46819618980890987,4.669814405637232,-0.0161226837989334,0.0,1.807280315993697
2020-03-16,2020-03-16,-0.0253923440906894,-38.68778280542986,-16.358024691358025,6.35810803604189,-0.3382249654480598,4.51828727500929,-0.25791975894529995,-0.4094993774817847,-0.49906506169112763,0.7339611326428283,2.68143800563678,0.5146152835635103,5.918108647987444,0.5630650084026558,-0.10618350628149871,-0.46819618980890987,4.748860079206498,0.0253923440906894,0.0,1.7112396149167297
2020-03-23,2020-03-23,0.0171606037084413,52.02952029520296,17.21194879089616,1.8327170105977564,-0.3382249654480598,2.969201001557084,-0.25791975894529995,-0.19156837830692935,-0.5853026141572646,0.6698326233081956,3.511438786213317,-0.47472262592292835,2.879327153603432,8.742198889778829,-0.03803260162877699,0.06394246771909032,7.515458654130816,-0.0171606037084413,0.0,1.8784532601785184
2020-03-30,2020-03-30,-0.0122022405163013,69.90291262135922,53.42465753424658,0.9070688463023653,-0.3382249654480598,0.682454597889543,-0.25791975894529995,4.875327352508458,-0.5853026141572646,0.34919007663503215,2.9581049324956257,-0.35105538723712354,1.461229122890893,2.793737885141612,-0.10618350628149871,0.19697713210109036,4.1164946906523685,0.0122022405163013,0.0122022405163013,1.1929927431819816
2020-04-06,2020-04-06,0.0528384453235899,1.4285714285714235,35.690396559961776,0.5985194582039016,-0.3382249654480598,0.46115655882494216,-0.25791975894529995,4.875327352508458,-0.49906506169112763,0.09267603929650144,2.819771469066203,-0.5983898646087332,0.8534728240140904,1.306622633982308,0.030118303023944724,-0.0025748644719096997,1.9822615042821798,-0.0528384453235899,0.0,0.8088394020026712
2020-04-13,2020-04-13,0.1355143143352126,-4.647887323943667,8.363345338135254,0.2899700701054379,-0.3382249654480598,0.0923264937172742,-0.25791975894529995,5.0387756018896,-0.6715401666234014,-0.09970948870739661,2.35865992430146,-0.7838907226374404,0.4483019580962221,0.3771756020077428,0.030118303023944724,-0.46819618980890987,1.6660788100051147,-0.1355143143352126,0.0,0.5487089622125919
2020-04-20,2020-04-20,0.1259725541555388,-8.124076809453474,-8.157991878922113,0.08427047803979545,-0.3382249654480598,-0.20273755836886018,-0.25791975894529995,3.513258607665612,-0.6715401666234014,-0.03558097937276393,2.2664376153485115,-0.9693915806661477,0.2457165251372879,0.1912861956128298,-0.17433441093422042,-0.46819618980890987,0.7965764007431863,-0.1259725541555388,0.0,0.2842585865985399
2020-04-27,2020-04-27,0.1113157357822104,18.0064308681672,7.036091870215093,0.08427047803979545,-0.3382249654480598,-0.20273755836886018,-0.25791975894529995,2.9139483599347598,-0.5853026141572646,-0.16383799804202928,1.5286591437249233,-1.340393296723562,0.1444238086578208,0.1912861956128298,-0.24248531558694214,0.06394246771909032,0.5594393800353874,-0.1113157357822104,0.0,0.1682191661751849
2020-05-04,2020-05-04,0.143792716551991,5.994550408719346,10.707933119886162,-0.01857931799302577,-0.3382249654480598,-0.35026958441192735,-0.25791975894529995,2.6415346109661906,-0.49906506169112763,-0.2920950167112947,1.482547989248449,-1.340393296723562,0.043131092178353723,0.0983414924153733,-0.31063622023966386,-0.46819618980890987,0.32230235932758877,-0.143792716551991,0.0,0.05089129515450602
2020-05-11,2020-05-11,0.1172462750850106,9.89717223650386,14.419538307126128,-0.01857931799302577,-0.3382249654480598,-0.49780161045499455,-0.25791975894529995,2.8049828603473324,-0.5853026141572646,-0.16383799804202928,1.5747702982013974,-1.2167260580377575,0.043131092178353723,-0.08754791397953972,-0.24248531558694214,-0.46819618980890987,0.006119665050523818,-0.1172462750850106,0.0,0.03945586952312744
2020-05-18,2020-05-18,0.1499347406182568,-7.134502923976605,0.4745333755140778,-0.01857931799302577,-0.3382249654480598,-0.20273755836886018,-0.25791975894529995,2.6960173607599045,-0.5853026141572646,-0.09970948870739661,1.482547989248449,-0.722057103294538,0.1444238086578208,0.0983414924153733,-0.24248531558694214,-0.46819618980890987,-0.15197168208800865,-0.1499347406182568,0.0,0.0952961897630887
2020-05-25,2020-05-25,0.0571491870097075,-23.9294710327456,-20.29033322335863,-0.01857931799302577,-0.3382249654480598,0.1660925067388078,-0.25791975894529995,3.0773966093159015,-0.41282750922499073,-0.22796650737666196,1.2981033713425516,-0.8457243419803429,0.2457165251372879,0.2842308988102863,-0.24248531558694214,-0.46819618980890987,0.08516533861979005,-0.0571491870097075,0.0,0.16748438168574228
2020-06-01,2020-06-01,0.1082960247779792,5.629139072847678,-11.726046350743689,-0.01857931799302577,-0.3382249654480598,0.0923264937172742,-0.25791975894529995,1.2249831163296308,-0.41282750922499073,-0.22796650737666196,1.0675475989601804,-1.03122520000905,0.1444238086578208,0.0983414924153733,-0.24248531558694214,0.06394246771909032,-0.07292600851874241,-0.1082960247779792,0.0,0.00638645676404265
2020-06-08,2020-06-08,0.1484338510772002,21.31661442006269,10.1779359430605,-0.121429114025847,-0.3382249654480598,-0.20273755836886018,-0.25791975894529995,0.5711901188050645,-0.3265899567588538,-0.22796650737666196,0.8369918265778089,-1.5258941547522695,0.1444238086578208,-0.08754791397953972,-0.17433441093422042,-0.46819618980890987,-0.15197168208800865,-0.1484338510772002,0.0,-0.1664433184604169
2020-06-15,2020-06-15,0.1569839808281447,0.9043927648578752,11.691097604576331,-0.121429114025847,-0.3382249654480598,-0.424035597433461,-0.25791975894529995,0.2442936200427814,-0.3265899567588538,-0.22796650737666196,0.4219914362895404,-0.5983898646087332,0.043131092178353723,-0.18049261717699622,-0.31063622023966386,-0.46819618980890987,-0.38910870279580734,-0.1569839808281447,0.0,-0.2095409532934013
2020-06-22,2020-06-22,0.1400088917990928,-8.962868117797695,-2.066115702479339,-0.121429114025847,-0.3382249654480598,-0.49780161045499455,-0.25791975894529995,0.46222461921763686,-0.3265899567588538,-0.16383799804202928,0.32976912733659186,-1.896895870809684,0.043131092178353723,-0.18049261717699622,-0.31063622023966386,-0.46819618980890987,-0.38910870279580734,-0.1400088917990928,0.0,-0.29400058326954026
2020-06-29,2020-06-29,0.1472142747430788,1.265822784810133,-3.5498995311453454,-0.121429114025847,-0.3382249654480598,-0.49780161045499455,-0.25791975894529995,0.02636262086792603,-0.3265899567588538,-0.22796650737666196,0.4219914362895404,-1.2167260580377575,0.043131092178353723,-0.18049261717699622,-0.24248531558694214,-0.46819618980890987,-0.38910870279580734,-0.1472142747430788,0.0,-0.2696754033628793
2020-07-06,2020-07-06,0.1486589410134083,22.777777777777786,14.21188630490956,-0.121429114025847,-0.3382249654480598,-0.7190996495195954,-0.25791975894529995,0.2442936200427814,-0.41282750922499073,-0.2920950167112947,0.514213745242489,-0.9693915806661477,0.043131092178353723,-0.18049261717699622,-0.24248531558694214,-0.46819618980890987,-0.38910870279580734,-0.1486589410134083,0.0,-0.25640228303187623
2020-07-13,2020-07-13,0.1167333778716852,-22.96380090497737,-9.078771695594126,-0.121429114025847,-0.3382249654480598,-0.5715676234765281,-0.25791975894529995,-0.1370856285132155,-0.5853026141572646,-0.2920950167112947,0.37588028181306615,-0.47472262592292835,0.043131092178353723,0.005396789217916791,-0.24248531558694214,-0.46819618980890987,-0.38910870279580734,-0.1167333778716852,0.0,-0.24669495658448293
2020-07-20,2020-07-20,0.1210545368600946,18.502202643171817,4.3984476067270375,-0.2242789100586682,-0.3382249654480598,-0.49780161045499455,-0.25791975894529995,-0.08260287871950166,-0.49906506169112763,-0.35622352604592733,0.2375468183836433,-1.2167260580377575,-0.058161624301113365,0.005396789217916791,-0.31063622023966386,-0.46819618980890987,-0.38910870279580734,-0.1210545368600946,0.0,-0.31828584992466225
2020-07-27,2020-07-27,0.1618072807225824,-2.354399008674102,-0.2531645569620253,-0.2242789100586682,-0.3382249654480598,-0.35026958441192735,-0.25791975894529995,-0.19156837830692935,-0.15411485182658,-0.2920950167112947,0.19143566390716904,-0.9075579613232453,-0.058161624301113365,0.5630650084026558,-0.24248531558694214,-0.46819618980890987,-0.38910870279580734,-0.1618072807225824,0.0,-0.22282004194392518
2020-08-03,2020-08-03,0.1551316171056906,-6.725888324873097,-2.358020591165725,-0.2242789100586682,-0.3382249654480598,-0.2765035713903938,-0.25791975894529995,-0.19156837830692935,-0.3265899567588538,-0.35622352604592733,0.14532450943069475,-0.8457243419803429,-0.058161624301113365,-0.08754791397953972,-0.31063622023966386,-0.46819618980890987,-0.38910870279580734,-0.1551316171056906,0.0,-0.2846685393306296
2020-08-10,2020-08-10,0.1581212554772487,10.612244897959178,3.4680241807190577,-0.2242789100586682,-0.3382249654480598,-0.49780161045499455,-0.25791975894529995,-0.2460511281006432,-0.41282750922499073,-0.35622352604592733,-0.08523126295167661,-1.03122520000905,-0.15945434078058046,-0.27343732037445273,-0.24248531558694214,-0.46819618980890987,-0.38910870279580734,-0.1581212554772487,0.0,-0.35589041004185734
2020-08-17,2020-08-17,0.1105249985549252,-19.55719557195572,-12.508361204013378,-0.2242789100586682,-0.3382249654480598,-0.424035597433461,-0.25791975894529995,-0.19156837830692935,-0.15411485182658,-0.2920950167112947,0.05310220047774621,-1.5877277740951719,-0.058161624301113365,-0.18049261717699622,-0.24248531558694214,-0.46819618980890987,-0.38910870279580734,-0.1105249985549252,0.0,-0.33966482157267774
2020-08-24,2020-08-24,0.1468874513317229,4.281345565749239,-5.409153952843273,-0.121429114025847,-0.3382249654480598,-0.35026958441192735,-0.25791975894529995,-0.2460511281006432,0.01836025310569382,-0.35622352604592733,0.19143566390716904,-0.6602234839516357,-0.058161624301113365,-0.18049261717699622,-0.10618350628149871,-0.46819618980890987,-0.38910870279580734,-0.1468874513317229,0.0,-0.23733487744862877
2020-08-31,2020-08-31,0.1497031401040705,14.07624633431086,6.320464639562692,-0.121429114025847,-0.3382249654480598,-0.2765035713903938,-0.25791975894529995,2.20567261261648,0.10459780557183072,-0.2920950167112947,0.4219914362895404,-1.4022269160664647,-0.058161624301113365,-0.18049261717699622,-0.03803260162877699,-0.46819618980890987,-0.38910870279580734,-0.1497031401040705,0.0,-0.07786637313007948
2020-09-07,2020-09-07,0.123272547480747,20.95115681233932,23.20785597381342,-0.121429114025847,-0.3382249654480598,-0.05520553232579299,-0.25791975894529995,1.824293364060483,0.01836025310569382,-0.16383799804202928,0.32976912733659186,-1.03122520000905,-0.058161624301113365,0.3771756020077428,0.23457101698210986,-0.46819618980890987,-0.38910870279580734,-0.123272547480747,0.0,-0.007081408729234866
2020-09-14,2020-09-14,0.1686809179816328,0.2125398512220933,12.799043062200957,-0.121429114025847,-0.3382249654480598,0.0923264937172742,-0.25791975894529995,0.3532591196302091,-0.0678772993604431,-0.16383799804202928,0.28365797286011757,-0.10372090986551386,-0.058161624301113365,0.4701203052051993,0.16642011232938816,0.13045979991009035,-0.23101735565727488,-0.1686809179816328,0.0,0.01100391271476411
2020-09-21,2020-09-21,0.1672611105693733,1.6967126193001114,5.937586302126484,-0.121429114025847,-0.3382249654480598,-0.05520553232579299,-0.25791975894529995,0.18981087024906756,0.01836025310569382,-0.2920950167112947,0.14532450943069475,-0.9075579613232453,-0.058161624301113365,0.0983414924153733,0.09826920767666644,-0.46819618980890987,-0.15197168208800865,-0.1672611105693733,0.0,-0.15004682229286256
2020-09-28,2020-09-28,0.1656682871159765,5.109489051094895,4.700077901843677,-0.121429114025847,-0.3382249654480598,0.0185604806957406,-0.25791975894529995,0.18981087024906756,0.10459780557183072,-0.35622352604592733,0.0069910460012719364,-0.35105538723712354,-0.058161624301113365,-0.08754791397953972,-0.03803260162877699,0.13045979991009035,-0.23101735565727488,-0.1656682871159765,0.0,-0.09922801748864009
2020-10-05,2020-10-05,0.1537616174851046,14.087301587301582,13.30049261083744,-0.2242789100586682,-0.3382249654480598,-0.2765035713903938,-0.25791975894529995,0.18981087024906756,-0.15411485182658,-0.35622352604592733,-0.1313424174281509,-1.4022269160664647,-0.15945434078058046,-0.18049261717699622,-0.10618350628149871,-0.46819618980890987,-0.38910870279580734,-0.1537616174851046,0.0,-0.3038899574145907
2020-10-12,2020-10-12,0.1370438391298856,-8.95652173913043,0.5763688760806917,-0.2242789100586682,-0.3382249654480598,-0.20273755836886018,-0.25791975894529995,-0.19156837830692935,-0.2403524042927169,-0.42035203538056,-0.17745357190462516,-0.9693915806661477,-0.15945434078058046,-0.18049261717699622,-0.10618350628149871,-0.46819618980890987,-0.38910870279580734,-0.1370438391298856,0.0,-0.3089796085868328
2020-10-19,2020-10-19,0.17026697355226,-2.483285577841454,-3.3601514434453383,-0.2242789100586682,-0.3382249654480598,-0.424035597433461,-0.25791975894529995,-0.19156837830692935,-0.3265899567588538,-0.42035203538056,-0.22356472638109945,-1.154892438694855,-0.15945434078058046,-0.18049261717699622,-0.24248531558694214,-0.46819618980890987,-0.23101735565727488,-0.17026697355226,0.0,-0.3459337561727493
2020-10-26,2020-10-26,0.1075001989756987,-21.743388834476008,-20.43813791386607,-0.2242789100586682,-0.3382249654480598,-0.2765035713903938,-0.25791975894529995,-0.2460511281006432,-0.41282750922499073,-0.42035203538056,-0.2696758808575737,-0.722057103294538,-0.15945434078058046,-0.18049261717699622,-0.17433441093422042,-0.46819618980890987,-0.38910870279580734,-0.1075001989756987,0.0,-0.32424836601408874
2020-11-02,2020-11-02,0.1589077262395061,13.39173967459324,-3.9491121123774175,-0.2242789100586682,-0.3382249654480598,-0.20273755836886018,-0.25791975894529995,-0.2460511281006432,0.10459780557183072,-0.35622352604592733,-0.22356472638109945,-1.03122520000905,-0.15945434078058046,-0.18049261717699622,-0.10618350628149871,-0.46819618980890987,-0.38910870279580734,-0.1589077262395061,0.0,-0.29136166604496927
2020-11-09,2020-11-09,0.1292259434894258,-0.7726269315673329,-0.8,-0.121429114025847,-0.30756714694253395,-0.05520553232579299,-0.25791975894529995,-0.2460511281006432,-0.3265899567588538,-0.2920950167112947,-0.1313424174281509,-0.6602234839516357,-0.15945434078058046,0.005396789217916791,0.030118303023944724,0.06394246771909032,-0.38910870279580734,-0.1292259434894258,0.0,-0.2033949313432491
2020-11-16,2020-11-16,0.0645866778830089,6.896551724137923,7.82608695652174,-0.121429114025847,-0.3382249654480598,0.1660925067388078,-0.25791975894529995,-0.1370856285132155,-0.15411485182658,-0.16383799804202928,-0.08523126295167661,-0.7838907226374404,-0.15945434078058046,0.0983414924153733,0.09826920767666644,-0.46819618980890987,-0.23101735565727488,-0.0645866778830089,0.0,-0.18126421298614756
2020-11-23,2020-11-23,0.088621031327702,-4.162330905306977,-0.081366965012205,-0.01857931799302577,-0.3382249654480598,0.9775186499756773,-0.25791975894529995,-0.1370856285132155,0.01836025310569382,-0.03558097937276393,0.14532450943069475,-0.1655545292084163,-0.15945434078058046,0.2842308988102863,0.16642011232938816,0.13045979991009035,-0.38910870279580734,-0.088621031327702,0.0,0.01577185717890441
2020-11-30,2020-11-30,0.0461409192351486,27.6872964169381,18.87793783169068,-0.121429114025847,-0.3382249654480598,0.6086885848680094,-0.25791975894529995,-0.19156837830692935,-0.15411485182658,-0.03558097937276393,0.05310220047774621,-0.722057103294538,-0.15945434078058046,0.1912861956128298,0.3708728262875533,0.46304646086509044,-0.23101735565727488,-0.0461409192351486,0.0,-0.03745504139618886
2020-12-07,2020-12-07,0.0347232819998645,8.333333333333325,17.636195752539244,-0.121429114025847,-0.3382249654480598,0.0185604806957406,-0.25791975894529995,-0.1370856285132155,-0.2403524042927169,0.09267603929650144,0.19143566390716904,-0.35105538723712354,-0.15945434078058046,0.2842308988102863,0.439023730940275,0.19697713210109036,-0.38910870279580734,-0.0347232819998645,0.0,-0.055123311163399115
2020-12-14,2020-12-14,0.0786152659528363,-7.770800627943486,3.3875934887813464,-0.121429114025847,-0.3382249654480598,0.0185604806957406,-0.25791975894529995,-0.1370856285132155,-0.3265899567588538,0.34919007663503215,0.19143566390716904,-0.04188729052261144,-0.15945434078058046,0.4701203052051993,0.7797782542038836,0.6625984574380905,-0.38910870279580734,-0.0786152659528363,0.0,0.04999882002106001
2020-12-21,2020-12-21,0.1582195858222784,3.489361702127658,0.4751084486676307,-0.121429114025847,-0.3382249654480598,0.2398585197603414,-0.25791975894529995,-0.19156837830692935,-0.5853026141572646,0.4133185859696648,0.32976912733659186,-0.5983898646087332,-0.15945434078058046,0.748954414797569,1.0523818728147705,0.19697713210109036,-0.38910870279580734,-0.1582195858222784,0.0,0.0242758509793933
2020-12-28,2020-12-28,0.1756873856260742,0.6578947368421018,0.1431785641235426,-0.121429114025847,-0.21559369142595627,0.46115655882494216,-0.25791975894529995,1.442914115504486,-0.41282750922499073,0.4774470953042975,0.6064360541954376,0.39094804487770546,-0.058161624301113365,0.5630650084026558,1.1886836821202138,0.46304646086509044,-0.38910870279580734,-0.1756873856260742,0.0,0.29561832995541526
2021-01-04,2021-01-04,0.1788978423246583,7.107843137254899,6.455542021924482,-0.121429114025847,-0.031646780392800944,0.46115655882494216,-0.25791975894529995,1.1705003665359168,-0.41282750922499073,0.4774470953042975,0.4219914362895404,-0.04188729052261144,-0.15945434078058046,0.3771756020077428,1.1886836821202138,0.5960811252470906,-0.38910870279580734,-0.1788978423246583,0.0,0.23419731211727182
2021-01-11,2021-01-11,0.1743652005368002,7.475209763539281,9.224806201550388,-0.121429114025847,0.029668856618250833,0.3873905458034086,-0.25791975894529995,0.29877636983649525,-0.49906506169112763,0.4133185859696648,0.37588028181306615,-0.35105538723712354,-0.058161624301113365,0.5630650084026558,1.2568345867729356,0.46304646086509044,-0.15197168208800865,-0.1743652005368002,0.0,0.16774129055664622
2021-01-18,2021-01-18,0.141440875729374,1.7033356990773685,6.602194532267064,-0.121429114025847,-0.1542780544149045,0.0923264937172742,-0.25791975894529995,0.13532812045535372,-0.3265899567588538,0.2209330579657668,0.19143566390716904,-1.03122520000905,-0.15945434078058046,0.3771756020077428,1.0523818728147705,0.06394246771909032,-0.15197168208800865,-0.141440875729374,0.0,-0.004953202031098362
2021-01-25,2021-01-25,0.0842434639864059,13.119330076762049,12.296501558711464,-0.121429114025847,-0.09296241740385272,0.1660925067388078,-0.25791975894529995,0.08084537066163988,-0.3265899567588538,0.1568045486311341,0.09921335495422048,-1.154892438694855,-0.15945434078058046,0.0983414924153733,0.6434764448984401,0.5960811252470906,0.24325668575832252,-0.0842434639864059,0.0,-0.0020811783788757233
2021-02-01,2021-02-01,0.0851304982200962,-12.0913016656385,-3.192934782608696,-0.121429114025847,0.029668856618250833,0.0923264937172742,-0.25791975894529995,0.02636262086792603,-0.41282750922499073,0.1568045486311341,-0.039120108475202336,-0.5365562452658308,-0.15945434078058046,0.2842308988102863,0.439023730940275,0.13045979991009035,-0.15197168208800865,-0.0851304982200962,0.0,-0.037171557807894495
2021-02-08,2021-02-08,0.1160074683533832,-17.403508771929822,-16.76096181046676,-0.121429114025847,-0.21559369142595627,-0.05520553232579299,-0.25791975894529995,-0.2460511281006432,-0.3265899567588538,0.02854752996186875,0.0069910460012719364,-0.2273881485513187,-0.15945434078058046,0.1912861956128298,0.439023730940275,0.2634944642920904,0.006119665050523818,-0.1160074683533832,0.0,-0.04815493136110234
2021-02-15,2021-02-15,0.1667117455801017,-0.3398470688190325,-13.046701260192735,-0.121429114025847,-0.21559369142595627,-0.20273755836886018,-0.25791975894529995,-0.2460511281006432,-0.41282750922499073,-0.03558097937276393,-0.1313424174281509,-0.9693915806661477,-0.15945434078058046,0.1912861956128298,0.23457101698210986,0.19697713210109036,-0.15197168208800865,-0.1667117455801017,0.0,-0.16296181540937277
2021-02-22,2021-02-22,0.1885058994248273,4.347826086956519,-2.0604120824164838,-0.121429114025847,-0.27690932843700805,-0.05520553232579299,-0.25791975894529995,-0.30053387789435704,-0.15411485182658,-0.03558097937276393,-0.08523126295167661,-0.04188729052261144,-0.15945434078058046,-0.08754791397953972,0.23457101698210986,0.06394246771909032,-0.23101735565727488,-0.1885058994248273,0.0,-0.10773700871558087
2021-03-01,2021-03-01,0.1837772810606444,9.722222222222232,9.253609924750863,-0.121429114025847,-0.21559369142595627,-0.05520553232579299,-0.25791975894529995,-0.30053387789435704,-0.2403524042927169,0.02854752996186875,-0.1313424174281509,-0.35105538723712354,-0.15945434078058046,0.005396789217916791,0.23457101698210986,0.13045979991009035,-0.23101735565727488,-0.1837772810606444,0.0,-0.11892348171007959
2021-03-08,2021-03-08,0.1615158864520647,-16.008935219657484,-7.313064913722268,-0.121429114025847,-0.27690932843700805,-0.05520553232579299,-0.25791975894529995,-0.3550166276880709,-0.2403524042927169,-0.03558097937276393,-0.22356472638109945,0.019946328820290973,-0.15945434078058046,-0.08754791397953972,0.030118303023944724,0.06394246771909032,-0.23101735565727488,-0.1615158864520647,0.0,-0.13785649873733344
2021-03-15,2021-03-15,0.1670746971939896,3.723404255319141,-3.802672147995889,-0.121429114025847,-0.27690932843700805,-0.05520553232579299,-0.25791975894529995,-0.3550166276880709,-0.3265899567588538,-0.09970948870739661,-0.17745357190462516,-0.5983898646087332,-0.15945434078058046,-0.18049261717699622,0.030118303023944724,-0.46819618980890987,-0.23101735565727488,-0.1670746971939896,0.0,-0.2341189602715317
2021-03-22,2021-03-22,0.1897248561911124,-1.3675213675213629,-3.7330552659019816,-0.121429114025847,-0.27690932843700805,-0.2765035713903938,-0.25791975894529995,-0.3550166276880709,-0.2403524042927169,-0.09970948870739661,-0.22356472638109945,-0.10372090986551386,-0.15945434078058046,-0.18049261717699622,-0.03803260162877699,0.13045979991009035,-0.38910870279580734,-0.1897248561911124,0.0,-0.18512531372895838
2021-03-29,2021-03-29,0.18483786723238,-2.253032928942811,-1.48471615720524,-0.121429114025847,-0.27690932843700805,-0.12897154534732658,-0.25791975894529995,-0.3550166276880709,-0.0678772993604431,-0.09970948870739661,-0.2696758808575737,0.26728080619190064,-0.15945434078058046,-0.08754791397953972,-0.03803260162877699,0.39652912867409046,-0.38910870279580734,-0.18483786723238,0.0,-0.1134173334062628
2021-04-05,2021-04-05,0.174319795369148,7.978723404255317,4.325481798715203,-0.2242789100586682,-0.27690932843700805,-0.2765035713903938,-0.25791975894529995,-0.3550166276880709,-0.41282750922499073,-0.03558097937276393,-0.36189818981052224,-0.2273881485513187,-0.15945434078058046,-0.18049261717699622,-0.03803260162877699,0.19697713210109036,-0.38910870279580734,-0.174319795369148,0.0,-0.21417386812572195
2021-04-12,2021-04-12,0.1909051636777836,3.3661740558292186,5.820550535826855,-0.121429114025847,-0.27690932843700805,0.0185604806957406,-0.25791975894529995,-0.3550166276880709,-0.41282750922499073,0.02854752996186875,-0.1313424174281509,-0.10372090986551386,-0.15945434078058046,-0.08754791397953972,0.030118303023944724,-0.0025748644719096997,-0.38910870279580734,-0.1909051636777836,0.0,-0.15861608385436887
2021-04-19,2021-04-19,0.1744767480322105,-10.325655281969814,-4.604985213350233,-0.2242789100586682,-0.27690932843700805,-0.35026958441192735,-0.25791975894529995,-0.30053387789435704,-0.41282750922499073,-0.09970948870739661,0.2375468183836433,-0.1655545292084163,-0.15945434078058046,-0.08754791397953972,0.030118303023944724,-0.46819618980890987,-0.38910870279580734,-0.1744767480322105,0.0,-0.20890321520323665
2021-04-26,2021-04-26,0.1917253221057369,6.643046944198416,0.1247401247401247,-0.2242789100586682,-0.27690932843700805,-0.2765035713903938,-0.25791975894529995,-0.30053387789435704,-0.2403524042927169,-0.03558097937276393,-0.1313424174281509,-0.2892217678942211,-0.26074705726004754,-0.08754791397953972,0.030118303023944724,0.2634944642920904,-0.38910870279580734,-0.1917253221057369,0.0,-0.17688813731663858
2021-05-03,2021-05-03,0.188687112534545,-5.897009966777411,-4.084656084656085,-0.2242789100586682,-0.27690932843700805,-0.5715676234765281,-0.25791975894529995,-0.3550166276880709,-0.2403524042927169,-0.03558097937276393,-0.17745357190462516,-0.6602234839516357,-0.15945434078058046,-0.18049261717699622,0.030118303023944724,0.19697713210109036,-0.38910870279580734,-0.188687112534545,0.0,-0.23580449383969038
2021-05-10,2021-05-10,-0.0464120959554037,-41.2180052956752,-35.52758954501452,-0.2242789100586682,-0.27690932843700805,0.0185604806957406,-0.25791975894529995,-0.3550166276880709,-0.0678772993604431,0.02854752996186875,-0.1313424174281509,0.26728080619190064,-0.15945434078058046,0.005396789217916791,0.09826920767666644,0.19697713210109036,-0.38910870279580734,0.0464120959554037,0.0,-0.08906253140348894
2021-05-17,2021-05-17,0.0959836262565804,100.9009009009009,23.289564616447823,-0.121429114025847,-0.27690932843700805,0.0185604806957406,-0.25791975894529995,-0.3550166276880709,-0.2403524042927169,0.02854752996186875,-0.1313424174281509,-0.6602234839516357,-0.15945434078058046,0.0983414924153733,0.16642011232938816,0.13045979991009035,-0.38910870279580734,-0.0959836262565804,0.0,-0.15353048307376116
2021-05-24,2021-05-24,0.1717751587916611,0.0747384155455943,19.66041108132261,-0.121429114025847,-0.27690932843700805,0.2398585197603414,-0.25791975894529995,-0.3550166276880709,-0.2403524042927169,0.1568045486311341,0.2375468183836433,-0.4128890065800259,-0.15945434078058046,0.1912861956128298,0.3027219216348316,0.7956331218200906,-0.38910870279580734,-0.1717751587916611,0.0,-0.020659154121606134
2021-05-31,2021-05-31,0.1828383719828092,4.331590739357738,17.890295358649787,-0.121429114025847,-0.27690932843700805,0.6086885848680094,-0.25791975894529995,-0.3550166276880709,-0.0678772993604431,0.28506156730039944,0.14532450943069475,-0.2892217678942211,-0.15945434078058046,0.4701203052051993,0.6434764448984401,1.0617024505840906,-0.07292600851874241,-0.1828383719828092,0.0,0.11525854404547291
2021-06-07,2021-06-07,0.1893625018489362,-7.2297780959198255,-3.4636871508379885,-0.121429114025847,-0.21559369142595627,0.8299866239326101,-0.25791975894529995,-0.2460511281006432,1.4843986450300213,1.2469892073198896,1.021436444483706,0.0817799481631934,-0.15945434078058046,1.120733227587395,2.142796347258318,2.192497097831091,-0.38910870279580734,-0.1893625018489362,0.0,0.6236472003951493
2021-06-14,2021-06-14,0.1452554391355143,20.98765432098766,12.0,-0.121429114025847,-0.09296241740385272,2.67413694947095,-0.25791975894529995,-0.1370856285132155,5.796276268336867,3.234972996693503,2.7736603145897285,1.7512876704215588,-0.058161624301113365,2.607848478746699,4.528078010103577,3.8554304026060917,-0.38910870279580734,-0.1452554391355143,0.0,1.8689302746417031
2021-06-21,2021-06-21,-0.0398147906589576,56.951530612244895,46.44451056233264,-0.01857931799302577,4.015185262336616,4.444521261987756,-0.25791975894529995,-0.08260287871950166,6.486176688065962,4.966442748728585,3.0503272414485743,2.122289386478973,0.043131092178353723,3.3514061043263506,6.231850626421621,6.1835370292910925,0.7965764007431863,0.0398147906589576,0.0398147906589576,2.9523101347392315
2021-06-28,2021-06-28,-0.1261579593545669,29.093864282811865,49.47071277346507,-0.121429114025847,5.793338735657118,4.887117340116958,-0.25791975894529995,-0.19156837830692935,5.365088506006183,5.735984860744177,3.4653276317368427,3.0497936766225093,0.043131092178353723,3.3514061043263506,5.41403977058896,5.784433036145093,2.6146268928363097,0.1261579593545669,0.1261579593545669,3.209526456834341
2021-07-05,2021-07-05,-0.0923666759993163,0.56657223796035,22.872800692241128,-0.121429114025847,5.302813639568703,4.8133513270954245,-0.25791975894529995,-0.2460511281006432,4.502712981344813,5.4153423140710135,2.819771469066203,1.5657868123928513,-0.058161624301113365,2.607848478746699,4.051021677534526,4.054982399179091,0.401348032896855,0.0923666759993163,0.0923666759993163,2.4893869647516627
2021-07-12,2021-07-12,-0.1030896970416285,-15.868544600938971,-6.674767815293811,-0.2242789100586682,4.750972906469237,2.747902962492484,-0.25791975894529995,-0.30053387789435704,2.864199484488212,4.004515108709095,1.9436595340131917,0.9474506189638272,-0.058161624301113365,2.1431249627594164,2.8924562984382565,2.591601090977091,-0.07292600851874241,0.1030896970416285,0.0,1.712290199113759
2021-07-19,2021-07-19,-0.0002695409328337,-24.925595238095237,-27.134861888427515,-0.121429114025847,3.4020288922260984,2.67413694947095,-0.25791975894529995,-0.3550166276880709,2.1742990647591167,2.978458959354972,1.3903256802955002,1.1329514769925344,-0.058161624301113365,1.5854567435746776,1.9383436333001527,2.591601090977091,-0.23101735565727488,0.0002695409328337,0.0,1.346004143595249
2021-07-26,2021-07-26,0.0117178288130325,13.92467789890981,-9.84313725490196,-0.2242789100586682,3.9538696253255647,1.5676467541479462,-0.25791975894529995,-0.3550166276880709,0.8807357777670629,2.20891684733938,1.482547989248449,0.39094804487770546,-0.15945434078058046,1.306622633982308,1.1205327774674922,1.926427769067091,-0.07292600851874241,-0.0117178288130325,0.0,0.9834751838022597
2021-08-02,2021-08-02,0.0024159066594349,-3.0448020878642845,-3.443794671864847,-0.2242789100586682,3.218081981192943,1.051284662997211,-0.25791975894529995,-0.3550166276880709,0.5357855679025153,1.4393747353237878,0.698658363148386,0.019946328820290973,-0.15945434078058046,0.4701203052051993,0.5753255402457185,0.5960811252470906,-0.23101735565727488,-0.0024159066594349,0.0,0.5269265440680891
2021-08-09,2021-08-09,0.0480261459108679,-18.797667115298346,-13.355672570607949,-0.2242789100586682,1.5625597818945454,0.3873905458034086,-0.25791975894529995,-0.3550166276880709,0.10459780557183072,0.8622181513120936,0.4681025907660147,-0.2273881485513187,-0.15945434078058046,0.1912861956128298,0.16642011232938816,0.7291157896290905,-0.15197168208800865,-0.0480261459108679,0.0,0.22111867891480388
2021-08-16,2021-08-16,0.1111146918433694,-1.1602209944751365,-11.947828226897991,-0.2242789100586682,1.4399285078724418,0.2398585197603414,-0.25791975894529995,-0.3550166276880709,0.19083535803796764,0.5415756046389302,0.37588028181306615,-1.340393296723562,-0.15945434078058046,0.005396789217916791,-0.10618350628149871,0.06394246771909032,-0.23101735565727488,-0.1111146918433694,0.0,0.013082409494628506
2021-08-23,2021-08-23,0.1347176057285663,-4.080491894913363,-9.013785790031813,-0.2242789100586682,0.8267721377619239,-0.05520553232579299,-0.25791975894529995,-0.3550166276880709,0.27707291050410454,0.2209330579657668,0.19143566390716904,-0.47472262592292835,-0.15945434078058046,-0.18049261717699622,-0.24248531558694214,0.13045979991009035,-0.15197168208800865,-0.1347176057285663,0.0,-0.032490988608873804
2021-08-30,2021-08-30,0.1723274699352047,-5.710955710955712,-6.649358142218375,-0.2242789100586682,0.7041408637398204,-0.20273755836886018,-0.25791975894529995,-0.3822580025849278,0.01836025310569382,0.09267603929650144,0.05310220047774621,-0.5365562452658308,-0.15945434078058046,-0.08754791397953972,-0.31063622023966386,0.3300117964830904,-0.23101735565727488,-0.1723274699352047,0.0,-0.08529393948412811
2021-09-06,2021-09-06,0.1668195505864986,-10.383189122373304,-11.76023124904914,-0.2242789100586682,0.3362470416735097,-0.424035597433461,-0.25791975894529995,-0.3822580025849278,0.01836025310569382,-0.09970948870739661,-0.039120108475202336,-0.5983898646087332,-0.15945434078058046,-0.27343732037445273,-0.3787871248923856,-0.46819618980890987,-0.23101735565727488,-0.1668195505864986,0.0,-0.22728548339629207
2021-09-13,2021-09-13,0.1836643362380439,-2.4827586206896517,-8.744756373023556,-0.2242789100586682,0.1523001306403544,-0.424035597433461,-0.25791975894529995,-0.3822580025849278,0.19083535803796764,-0.16383799804202928,-0.17745357190462516,-0.6602234839516357,-0.15945434078058046,-0.36638202357190924,-0.3787871248923856,-0.46819618980890987,-0.38910870279580734,-0.1836643362380439,0.0,-0.2649143011494227
2021-09-20,2021-09-20,0.1909096199690412,-5.940594059405946,-8.465244322092223,-0.2242789100586682,-0.09296241740385272,-0.35026958441192735,-0.25791975894529995,-0.3822580025849278,0.27707291050410454,-0.22796650737666196,-0.315787035334048,-0.47472262592292835,-0.26074705726004754,-0.36638202357190924,-0.4469380295451073,-0.46819618980890987,-0.38910870279580734,-0.1909096199690412,0.0,-0.28431885246542793
2021-09-27,2021-09-27,0.1946179479251426,10.225563909774426,3.604240282685512,-0.2242789100586682,0.09098449362930261,-0.35026958441192735,-0.25791975894529995,-0.3822580025849278,0.10459780557183072,-0.2920950167112947,-0.22356472638109945,-1.340393296723562,-0.15945434078058046,-0.36638202357190924,-0.4469380295451073,-0.46819618980890987,-0.15197168208800865,-0.1946179479251426,0.0,-0.31915280445786864
2021-10-04,2021-10-04,0.2017346562382579,-7.9809004092769475,-2.932182047130779,-0.2242789100586682,-0.1542780544149045,-0.424035597433461,-0.25791975894529995,-0.3822580025849278,-0.0678772993604431,-0.2920950167112947,-0.2696758808575737,-0.35105538723712354,-0.15945434078058046,-0.36638202357190924,-0.515088934197829,-0.46819618980890987,-0.38910870279580734,-0.2017346562382579,0.0,-0.308693149911338
2021-10-11,2021-10-11,0.1688884788410504,-12.527798369162346,-11.36150234741784,-0.2242789100586682,0.029668856618250833,-0.5715676234765281,-0.25791975894529995,-0.3822580025849278,-0.0678772993604431,-0.42035203538056,-0.315787035334048,-0.47472262592292835,-0.26074705726004754,-0.36638202357190924,-0.515088934197829,-0.46819618980890987,-0.38910870279580734,-0.1688884788410504,0.0,-0.3346155244342611
2021-10-18,2021-10-18,0.1642259088001297,-4.152542372881351,-11.744049941474834,-0.2242789100586682,-0.1542780544149045,-0.5715676234765281,-0.25791975894529995,-0.3822580025849278,-0.15411485182658,-0.35622352604592733,-0.40800934428699653,-0.6602234839516357,-0.26074705726004754,-0.36638202357190924,-0.515088934197829,-0.46819618980890987,-0.38910870279580734,-0.1642259088001297,0.0,-0.36917117594471227
2021-10-25,2021-10-25,0.1828576145411562,7.957559681697623,0.0614628149969268,-0.2242789100586682,-0.1542780544149045,-0.5715676234765281,-0.25791975894529995,-0.3822580025849278,0.01836025310569382,-0.42035203538056,-0.40800934428699653,-0.2892217678942211,-0.26074705726004754,-0.5522714299668222,-0.515088934197829,-0.46819618980890987,-0.38910870279580734,-0.1828576145411562,0.0,-0.3482098255689877
2021-11-01,2021-11-01,0.1900206770430727,8.026208026208037,8.761080189651619,-0.2242789100586682,-0.21559369142595627,-0.424035597433461,-0.25791975894529995,-0.3822580025849278,0.01836025310569382,-0.4844805447151927,-0.4541204987634708,-0.7838907226374404,-0.26074705726004754,-0.5522714299668222,-0.515088934197829,-0.46819618980890987,0.401348032896855,-0.1900206770430727,0.0,-0.3287980751282484
2021-11-08,2021-11-08,0.1743750570852232,-3.9423805913570864,2.6326447954637504,-0.121429114025847,0.09098449362930261,-0.35026958441192735,-0.25791975894529995,-0.3822580025849278,0.01836025310569382,-0.4844805447151927,-0.4541204987634708,-0.47472262592292835,-0.26074705726004754,-0.45932672676936576,-0.515088934197829,-0.46819618980890987,-0.15197168208800865,-0.1743750570852232,0.0,-0.30508471233991136
2021-11-15,2021-11-15,0.1897856958021364,3.867403314917128,2.752293577981652,-0.121429114025847,0.1523001306403544,-0.35026958441192735,-0.22038214144621873,-0.3822580025849278,0.10459780557183072,-0.4844805447151927,-0.5463428077164194,0.0817799481631934,-0.26074705726004754,-0.36638202357190924,-0.515088934197829,-0.46819618980890987,-0.38910870279580734,-0.1897856958021364,0.0,-0.2690005155828326
2021-11-22,2021-11-22,0.1548450295658859,-2.811550151975684,-1.254584057131828,-0.121429114025847,0.09098449362930261,-0.12897154534732658,0.1925316510436746,-0.3822580025849278,0.27707291050410454,-0.5486090540498254,-0.4541204987634708,-0.6602234839516357,-0.26074705726004754,-0.5522714299668222,-0.4469380295451073,-0.46819618980890987,-0.23101735565727488,-0.1548450295658859,0.0,-0.26387090755600806
2021-11-29,2021-11-29,0.1940026917151801,7.271305707584053,4.852884982804738,-0.121429114025847,0.3362470416735097,-0.35026958441192735,-0.03269405395081267,-0.3822580025849278,0.01836025310569382,-0.4844805447151927,-0.5463428077164194,-0.35105538723712354,-0.26074705726004754,-0.5522714299668222,-0.515088934197829,-0.46819618980890987,-0.38910870279580734,-0.1940026917151801,0.0,-0.2928096081351759
2021-12-06,2021-12-06,0.1601932057845935,0.0728862973760957,2.846441947565543,-0.2242789100586682,-0.09296241740385272,-0.5715676234765281,0.6429830610326491,-0.3822580025849278,-0.0678772993604431,-0.2920950167112947,1.3903256802955002,-0.35105538723712354,-0.26074705726004754,-0.27343732037445273,-0.515088934197829,-0.46819618980890987,-0.23101735565727488,-0.1601932057845935,0.0,-0.12123376948594304
2021-12-13,2021-12-13,0.1838343322060053,-5.025491624180623,-2.1021021021021022,-0.2242789100586682,-0.1542780544149045,-0.7928656625411289,0.4177573560381619,-0.3822580025849278,-0.0678772993604431,-0.42035203538056,-0.5924539621928936,-0.35105538723712354,-0.26074705726004754,-0.5522714299668222,-0.515088934197829,-0.46819618980890987,-0.38910870279580734,-0.1838343322060053,0.0,-0.3395053051258503
2021-12-20,2021-12-20,0.1747238337989388,5.674846625766872,1.5662428597751985,-0.3271287060914894,-0.21559369142595627,-0.8666316755626625,0.4928325910363243,-0.3822580025849278,-0.15411485182658,-0.42035203538056,-0.6385651166693679,-0.47472262592292835,-0.26074705726004754,-0.5522714299668222,-0.515088934197829,-0.46819618980890987,-0.38910870279580734,-0.1747238337989388,0.0,-0.3694247448898261
2021-12-27,2021-12-27,0.099935861760634,-25.761973875181425,-19.41709334383616,-0.2242789100586682,-0.1542780544149045,-0.5715676234765281,0.8682087660271365,-0.3822580025849278,-0.15411485182658,-0.42035203538056,-0.5002316532399451,0.39094804487770546,-0.26074705726004754,-0.5522714299668222,-0.515088934197829,-0.46819618980890987,-0.38910870279580734,-0.099935861760634,0.0,-0.23809547386476343
2022-01-03,2022-01-03,0.1353834999975117,31.671554252199407,6.65083135391924,-0.2242789100586682,-0.21559369142595627,-0.5715676234765281,0.8682087660271365,-0.3822580025849278,-0.0678772993604431,-0.42035203538056,-0.5002316532399451,-0.1655545292084163,-0.26074705726004754,-0.5522714299668222,-0.515088934197829,-0.46819618980890987,-0.38910870279580734,-0.1353834999975117,0.0,-0.2760655209098375
2022-01-10,2022-01-10,0.1604097546318684,11.729769858945804,14.601180277936418,-0.2242789100586682,-0.1542780544149045,-0.7190996495195954,1.0183592360234612,-0.3822580025849278,-0.41282750922499073,-0.2920950167112947,-0.1313424174281509,0.9474506189638272,-0.26074705726004754,-0.5522714299668222,-0.4469380295451073,-0.46819618980890987,0.7965764007431863,-0.1604097546318684,0.0,-0.09156757219949603
2022-01-17,2022-01-17,0.1824730914570629,-16.146179401993354,-1.7325287132567646,-0.121429114025847,-0.1542780544149045,-0.35026958441192735,1.9943372909995727,-0.3822580025849278,-0.2403524042927169,-0.16383799804202928,-0.2696758808575737,0.20544718684899824,-0.26074705726004754,-0.36638202357190924,-0.17433441093422042,-0.46819618980890987,0.1642110121890563,-0.1824730914570629,0.0,-0.04198323072624188
2022-01-24,2022-01-24,0.0818818603912204,31.854199683042797,15.19556940117688,-0.121429114025847,-0.09296241740385272,0.1660925067388078,4.9973466909260695,-0.3822580025849278,0.01836025310569382,0.2209330579657668,0.09921335495422048,1.6276204317357539,-0.26074705726004754,-0.27343732037445273,0.3708728262875533,0.5295637930560905,0.08516533861979005,-0.0818818603912204,0.0,0.49888102441004417
2022-01-31,2022-01-31,0.0454671091204947,21.81490384615385,25.549705791266646,-0.121429114025847,0.39756267868456147,0.682454597889543,7.249603740870943,-0.3822580025849278,0.36331046297024144,0.7339611326428283,0.2375468183836433,2.6169583412221926,-0.26074705726004754,0.005396789217916791,0.916080063509327,1.0617024505840906,-0.07292600851874241,-0.0454671091204947,0.0,0.9590869209704088
2022-02-07,2022-02-07,0.0080242844874556,25.9990133201776,36.08631943519382,-0.121429114025847,0.029668856618250833,0.9775186499756773,6.1985504508966685,-0.3822580025849278,0.10459780557183072,0.990475169981359,0.19143566390716904,2.678791960565095,-0.15945434078058046,0.005396789217916791,0.7797782542038836,1.3942891115390907,0.006119665050523818,-0.0080242844874556,0.0,0.9066772085811506
2022-02-14,2022-02-14,-0.0301351829537355,10.375880971025842,24.40423654015887,-0.121429114025847,-0.09296241740385272,0.8299866239326101,4.321669575942608,-0.3822580025849278,-0.15411485182658,0.7980896419774609,-0.08523126295167661,3.606296250708631,-0.15945434078058046,-0.08754791397953972,0.5071746355929967,0.8621504540110906,0.08516533861979005,0.0301351829537355,0.0301351829537355,0.7091096155165842
2022-02-21,2022-02-21,-0.0153281304029589,-9.294075913444487,2.721703324294466,-0.121429114025847,-0.1542780544149045,0.1660925067388078,2.1444877609958977,-0.3822580025849278,-0.15411485182658,0.4133185859696648,-0.36189818981052224,2.245956625164778,-0.26074705726004754,-0.27343732037445273,0.030118303023944724,0.46304646086509044,0.006119665050523818,0.0153281304029589,0.0,0.26864123696510184
2022-02-28,2022-02-28,-0.092109701420009,13.53148220570981,7.190990492015138,-0.01857931799302577,-0.21559369142595627,0.0923264937172742,0.7180582960308116,-0.3822580025849278,-0.3265899567588538,0.09267603929650144,-0.40800934428699653,1.3802859543641441,-0.26074705726004754,-0.27343732037445273,-0.24248531558694214,-0.0025748644719096997,0.6384850536046538,0.092109701420009,0.092109701420009,0.0565397833050195
2022-03-07,2022-03-07,0.0002695409328337,-17.56803306923872,-10.307346326836582,-0.01857931799302577,-0.21559369142595627,-0.2765035713903938,0.1925316510436746,-0.3822580025849278,-0.2403524042927169,-0.22796650737666196,-0.5463428077164194,0.76194976093512,-0.26074705726004754,-0.36638202357190924,-0.3787871248923856,-0.46819618980890987,0.48039370646612123,-0.0002695409328337,0.0,-0.13905954141917415
2022-03-14,2022-03-14,0.0139756802118184,-23.52695361470957,-24.40359392750181,-0.121429114025847,-0.21559369142595627,-0.424035597433461,0.04238118104734975,-0.3822580025849278,-0.3265899567588538,-0.35622352604592733,-0.6385651166693679,-0.1655545292084163,-0.26074705726004754,-0.45932672676936576,-0.515088934197829,-0.06909219666290972,0.08516533861979005,-0.0139756802118184,0.0,-0.2719255663839836
2022-03-21,2022-03-21,-0.0310455603499877,-14.754098360655744,-28.160257886253746,-0.121429114025847,-0.27690932843700805,-0.424035597433461,-0.03269405395081267,-0.3822580025849278,-0.3265899567588538,-0.42035203538056,-0.6846762711458422,0.0817799481631934,-0.26074705726004754,-0.5522714299668222,-0.515088934197829,-0.46819618980890987,0.006119665050523818,0.0310455603499877,0.0,-0.3126677398383717
2022-03-28,2022-03-28,0.0998462786067624,3.717948717948727,-12.552357789487903,-0.2242789100586682,-0.27690932843700805,-0.424035597433461,-0.1077692889489751,-0.3822580025849278,-0.15411485182658,-0.4844805447151927,-0.7307874256223165,-0.2273881485513187,-0.26074705726004754,-0.45932672676936576,-0.515088934197829,-0.46819618980890987,-0.07292600851874241,-0.0998462786067624,0.0,-0.3420219296238102
2022-04-04,2022-04-04,0.0861093369702952,9.64153275648949,4.629902683574168,-0.2242789100586682,-0.27690932843700805,-0.5715676234765281,-0.1077692889489751,-0.3822580025849278,-0.41282750922499073,-0.5486090540498254,-0.7768985800987908,0.1436135675060958,-0.26074705726004754,-0.36638202357190924,-0.515088934197829,-0.46819618980890987,-0.07292600851874241,-0.0861093369702952,0.0,-0.34577463876650405
2022-04-11,2022-04-11,0.1405185580131208,-4.678692220969561,1.821466205027849,-0.2242789100586682,-0.27690932843700805,-0.49780161045499455,-0.18284452394713752,-0.3822580025849278,-0.41282750922499073,-0.5486090540498254,-0.7768985800987908,-0.10372090986551386,-0.26074705726004754,-0.5522714299668222,-0.515088934197829,-0.46819618980890987,-0.23101735565727488,-0.1405185580131208,0.0,-0.3881049568294815
2022-04-18,2022-04-18,0.1578883128274905,-6.6232998225901785,-5.193635544881417,-0.2242789100586682,-0.27690932843700805,-0.7190996495195954,-0.18284452394713752,-0.3822580025849278,-0.49906506169112763,-0.5486090540498254,-0.8691208890517393,-0.35105538723712354,-0.26074705726004754,-0.5522714299668222,-0.5491643865241899,-0.46819618980890987,0.08516533861979005,-0.1578883128274905,0.0,-0.41417532367980947
2022-04-25,2022-04-25,0.1363277165079262,-10.13299556681444,-12.177007581618444,-0.2242789100586682,-0.30756714694253395,-1.0879297146272633,-0.18284452394713752,-0.3822580025849278,-0.15411485182658,-0.6127375633844581,-0.8691208890517393,0.0817799481631934,-0.26074705726004754,-0.5522714299668222,-0.5832398388505508,-0.46819618980890987,-0.38910870279580734,-0.1363277165079262,0.0,-0.42804534806730377
2022-05-02,2022-05-02,-0.0133023628512594,-39.95771670190275,-38.49485652409312,-0.2242789100586682,-0.1542780544149045,-0.424035597433461,-0.18284452394713752,-0.3822580025849278,-0.2403524042927169,-0.5486090540498254,-0.823009734575265,0.0817799481631934,-0.26074705726004754,-0.5522714299668222,-0.515088934197829,-0.46819618980890987,-0.23101735565727488,0.0133023628512594,0.0,-0.35180052143461404
2022-05-09,2022-05-09,0.1405754147632462,76.05633802816902,12.149532710280374,-0.2242789100586682,-0.27690932843700805,-0.5715676234765281,-0.18284452394713752,-0.3822580025849278,-0.2403524042927169,-0.6127375633844581,-0.823009734575265,-0.10372090986551386,-0.26074705726004754,-0.5522714299668222,-0.515088934197829,-0.46819618980890987,-0.38910870279580734,-0.1405754147632462,0.0,-0.40022080818940287
2022-05-16,2022-05-16,0.1484996160505261,4.600000000000004,17.528089887640448,-0.2242789100586682,-0.27690932843700805,-0.5715676234765281,-0.18284452394713752,-0.3822580025849278,-0.2403524042927169,-0.6127375633844581,-0.8691208890517393,-0.35105538723712354,-0.26074705726004754,-0.5522714299668222,-0.5491643865241899,-0.46819618980890987,-0.23101735565727488,-0.1484996160505261,0.0,-0.4123229322633965
2022-05-23,2022-05-23,0.192615093330676,-11.982154238368391,4.187099207846096,-0.2242789100586682,-0.30756714694253395,-0.424035597433461,-0.18284452394713752,-0.3822580025849278,-0.15411485182658,-0.5486090540498254,-0.9152320435282135,0.5146152835635103,-0.26074705726004754,-0.5522714299668222,-0.515088934197829,-0.46819618980890987,-0.23101735565727488,-0.192615093330676,0.0,-0.3322604152641943
2022-05-30,2022-05-30,0.1693888464628962,7.385952208544544,-0.0168548794876116,-0.2242789100586682,-0.27690932843700805,-0.35026958441192735,-0.18284452394713752,-0.3822580025849278,-0.2403524042927169,-0.6127375633844581,-0.823009734575265,-0.10372090986551386,-0.26074705726004754,-0.5522714299668222,-0.515088934197829,-0.46819618980890987,-0.23101735565727488,-0.1693888464628962,0.0,-0.37312156631775045
2022-06-06,2022-06-06,0.1756026636790441,-0.6068779501011479,-0.186219739292365,-0.2242789100586682,-0.27690932843700805,-0.49780161045499455,-0.1077692889489751,-0.3822580025849278,-0.15411485182658,-0.5486090540498254,-0.7307874256223165,0.8237833802780224,-0.26074705726004754,-0.5522714299668222,-0.5491643865241899,-0.46819618980890987,-0.38910870279580734,-0.1756026636790441,0.0,-0.3084452041472178
2022-06-13,2022-06-13,0.2045918048444265,-4.070556309362283,-1.6689847009735743,-0.2242789100586682,-0.27690932843700805,-0.5715676234765281,-0.1077692889489751,-0.3822580025849278,-0.3265899567588538,-0.4844805447151927,-0.7768985800987908,0.76194976093512,-0.26074705726004754,-0.5522714299668222,-0.515088934197829,-0.46819618980890987,-0.38910870279580734,-0.2045918048444265,0.0,-0.3267296277266601
2022-06-20,2022-06-20,0.1556321496053285,-15.205091937765204,-13.895870736086176,-0.2242789100586682,-0.30756714694253395,-0.6453336364980617,-0.18284452394713752,-0.3822580025849278,-0.3265899567588538,-0.4844805447151927,-0.823009734575265,0.20544718684899824,-0.26074705726004754,-0.5522714299668222,-0.515088934197829,-0.46819618980890987,-0.38910870279580734,-0.1556321496053285,0.0,-0.38259482737578987
2022-06-27,2022-06-27,0.1535584452353736,28.857381150959128,9.730113636363637,-0.2242789100586682,-0.1542780544149045,-0.7190996495195954,-0.1077692889489751,-0.3822580025849278,-0.3265899567588538,-0.5486090540498254,-0.823009734575265,-0.4128890065800259,-0.26074705726004754,-0.5522714299668222,-0.515088934197829,-0.46819618980890987,-0.38910870279580734,-0.1535584452353736,0.0,-0.4202995693943184
2022-07-04,2022-07-04,0.2011460086625324,-5.9546925566343,3.5822491534485827,-0.2242789100586682,-0.27690932843700805,-0.5715676234765281,-0.18284452394713752,-0.3822580025849278,-0.15411485182658,-0.42035203538056,-0.7768985800987908,-0.10372090986551386,-0.26074705726004754,-0.5522714299668222,-0.515088934197829,-0.46819618980890987,-0.38910870279580734,-0.2011460086625324,0.0,-0.3770255056932236
2022-07-11,2022-07-11,0.2002574297561196,-2.890571231933925,0.6419400855920114,-0.2242789100586682,-0.27690932843700805,-0.49780161045499455,-0.1077692889489751,-0.3822580025849278,-0.41282750922499073,-0.35622352604592733,-0.7307874256223165,0.7001161415922176,-0.26074705726004754,-0.5522714299668222,-0.515088934197829,-0.46819618980890987,-0.23101735565727488,-0.2002574297561196,0.0,-0.308290030476891
2022-07-18,2022-07-18,0.1991271987191524,4.464918497519488,0.2209756926738059,-0.2242789100586682,-0.30756714694253395,-0.35026958441192735,-0.18284452394713752,-0.3822580025849278,-0.3265899567588538,-0.2920950167112947,-0.7307874256223165,0.39094804487770546,-0.26074705726004754,-0.36638202357190924,-0.4469380295451073,-0.46819618980890987,-0.23101735565727488,-0.1991271987191524,0.0,-0.29850165557165736
2022-07-25,2022-07-25,0.1818678246829082,7.598371777476265,7.089804186360567,-0.2242789100586682,-0.27690932843700805,-0.2765035713903938,-0.18284452394713752,-0.3822580025849278,-0.3265899567588538,-0.22796650737666196,-0.7768985800987908,0.39094804487770546,-0.26074705726004754,-0.45932672676936576,-0.4469380295451073,-0.06909219666290972,-0.15197168208800865,-0.1818678246829082,0.0,-0.2622412162928697
2022-08-01,2022-08-01,0.1771970929860395,3.0264817150063017,7.059787059787059,-0.2242789100586682,-0.30756714694253395,-0.35026958441192735,-0.18284452394713752,-0.3822580025849278,-0.3265899567588538,-0.2920950167112947,-0.823009734575265,1.0092842383067298,-0.26074705726004754,-0.36638202357190924,-0.515088934197829,-0.46819618980890987,-0.15197168208800865,-0.1771970929860395,0.0,-0.2601438946150416
2022-08-08,2022-08-08,0.1919517881871389,-5.691554467564264,-1.1387329591018445,-0.2242789100586682,-0.30756714694253395,-0.35026958441192735,-0.18284452394713752,-0.3822580025849278,-0.41282750922499073,-0.35622352604592733,-0.823009734575265,1.503953193049949,-0.26074705726004754,-0.5522714299668222,-0.515088934197829,-0.46819618980890987,-0.23101735565727488,-0.1919517881871389,0.0,-0.2544747651165937
2022-08-15,2022-08-15,0.1881849609350385,-0.1297858533419904,-2.2857142857142856,-0.2242789100586682,-0.30756714694253395,-0.35026958441192735,-0.18284452394713752,-0.3822580025849278,-0.2403524042927169,-0.35622352604592733,-0.823009734575265,1.5657868123928513,-0.26074705726004754,-0.5522714299668222,-0.515088934197829,-0.0025748644719096997,-0.23101735565727488,-0.1881849609350385,0.0,-0.20447976157286685
2022-08-22,2022-08-22,0.1642993635597256,2.3391812865497075,0.1749085705199554,-0.2242789100586682,-0.27690932843700805,-0.35026958441192735,-0.18284452394713752,-0.3822580025849278,-0.0678772993604431,-0.35622352604592733,-0.8691208890517393,1.3802859543641441,-0.26074705726004754,-0.5522714299668222,-0.515088934197829,-0.46819618980890987,0.48039370646612123,-0.1642993635597256,0.0,-0.1889575724500801
2022-08-29,2022-08-29,0.0794345579590003,23.42857142857142,17.836035762994392,-0.2242789100586682,-0.27690932843700805,-0.424035597433461,-0.18284452394713752,-0.3822580025849278,0.01836025310569382,-0.35622352604592733,-0.8691208890517393,1.6894540510786562,-0.26074705726004754,-0.36638202357190924,-0.515088934197829,-0.46819618980890987,-0.23101735565727488,-0.0794345579590003,0.0,-0.2035205738478921
2022-09-05,2022-09-05,0.1244976598278297,-13.220164609053498,0.0444773906597479,-0.2242789100586682,-0.30756714694253395,-0.2765035713903938,-0.18284452394713752,-0.3822580025849278,0.01836025310569382,-0.42035203538056,-0.9152320435282135,0.9474506189638272,-0.26074705726004754,-0.5522714299668222,-0.515088934197829,-0.46819618980890987,-0.23101735565727488,-0.1244976598278297,0.0,-0.2693247377609855
2022-09-12,2022-09-12,0.1414802792713312,-5.572021339656197,-6.280335343432858,-0.2242789100586682,-0.30756714694253395,-0.20273755836886018,-0.22038214144621873,-0.3822580025849278,0.10459780557183072,-0.42035203538056,-0.9152320435282135,1.936788528450266,-0.26074705726004754,-0.5522714299668222,-0.515088934197829,-0.13560952885390976,-0.38910870279580734,-0.1414802792713312,0.0,-0.1774462255258787
2022-09-19,2022-09-19,0.1466679411801423,-11.111111111111116,-14.698795180722891,-0.2242789100586682,-0.30756714694253395,-0.20273755836886018,-0.22038214144621873,-0.3822580025849278,0.01836025310569382,-0.4844805447151927,-0.9152320435282135,1.503953193049949,-0.26074705726004754,-0.5522714299668222,-0.5491643865241899,-0.46819618980890987,-0.38910870279580734,-0.1466679411801423,0.0,-0.24529361913176778
2022-09-26,2022-09-26,0.1786787087577318,-0.4943502824858781,-7.682227682227682,-0.2242789100586682,-0.30756714694253395,-0.2765035713903938,-0.22038214144621873,-0.3822580025849278,-0.15411485182658,-0.4844805447151927,-0.9152320435282135,2.060455767136071,-0.26074705726004754,-0.45932672676936576,-0.515088934197829,-0.46819618980890987,-0.3100630292265411,-0.1786787087577318,0.0,-0.2084130987585251
2022-10-03,2022-10-03,0.1815399694829824,8.232789212207248,2.641763419148578,-0.2242789100586682,-0.30756714694253395,-0.20273755836886018,-0.22038214144621873,-0.3822580025849278,-0.2403524042927169,-0.4844805447151927,-0.9152320435282135,2.122289386478973,-0.26074705726004754,-0.5522714299668222,-0.515088934197829,-0.46819618980890987,-0.15197168208800865,-0.1815399694829824,0.0,-0.20023390419856973
2022-10-10,2022-10-10,0.1764765535515659,1.442622950819672,4.934712565711378,-0.2242789100586682,-0.30756714694253395,-0.12897154534732658,-0.18284452394713752,-0.3822580025849278,-0.3265899567588538,-0.4844805447151927,-0.9152320435282135,1.3184523350212418,-0.26074705726004754,-0.45932672676936576,-0.515088934197829,-0.46819618980890987,-0.23101735565727488,-0.1764765535515659,0.0,-0.25486761446821704
2022-10-17,2022-10-17,0.1658884791013699,-15.449256625727214,-9.62169632060805,-0.2242789100586682,-0.30756714694253395,-0.20273755836886018,-0.18284452394713752,-0.3822580025849278,-0.3265899567588538,-0.4844805447151927,-0.823009734575265,1.6894540510786562,-0.26074705726004754,-0.5522714299668222,-0.515088934197829,-0.06909219666290972,-0.23101735565727488,-0.1658884791013699,0.0,-0.20518066432983328
2022-10-24,2022-10-24,0.1805347592699299,8.562691131498479,-2.0689655172413794,-0.2242789100586682,-0.30756714694253395,-0.20273755836886018,-0.18284452394713752,-0.3822580025849278,-0.2403524042927169,-0.42035203538056,-0.823009734575265,1.3184523350212418,-0.26074705726004754,-0.45932672676936576,-0.515088934197829,-0.06909219666290972,-0.23101735565727488,-0.1805347592699299,0.0,-0.21430144654834676
2022-10-31,2022-10-31,0.1709402619180381,8.309859154929566,5.8317564080509205,-0.2242789100586682,-0.21559369142595627,-0.2765035713903938,-0.18284452394713752,-0.3822580025849278,-0.2403524042927169,-0.42035203538056,-0.7307874256223165,1.194785096335437,-0.26074705726004754,-0.45932672676936576,-0.515088934197829,0.06394246771909032,-0.38910870279580734,-0.1709402619180381,0.0,-0.21703674440508566
2022-11-07,2022-11-07,0.1538040393359042,-9.68790637191157,-1.750663129973475,-0.2242789100586682,-0.27690932843700805,-0.05520553232579299,-0.18284452394713752,-0.3822580025849278,-0.41282750922499073,-0.2920950167112947,-0.7768985800987908,1.4421195737070465,-0.26074705726004754,-0.5522714299668222,-0.4469380295451073,-0.06909219666290972,-0.23101735565727488,-0.1538040393359042,0.0,-0.19437599276955184
2022-11-14,2022-11-14,0.1873300431195853,3.5277177825773887,-0.5704407951598963,-0.2242789100586682,-0.30756714694253395,-0.35026958441192735,-0.22038214144621873,-0.3822580025849278,-0.49906506169112763,-0.35622352604592733,-0.8691208890517393,0.4527816642206079,-0.26074705726004754,-0.36638202357190924,-0.515088934197829,-0.13560952885390976,-0.23101735565727488,-0.1873300431195853,0.0,-0.3046591783966738
2022-11-21,2022-11-21,0.1890137825298059,-9.666203059805287,-8.26271186440678,-0.121429114025847,-0.30756714694253395,-0.2765035713903938,-0.22038214144621873,-0.3822580025849278,-0.3265899567588538,-0.42035203538056,-0.9152320435282135,0.7001161415922176,-0.26074705726004754,-0.5522714299668222,-0.515088934197829,-0.46819618980890987,-0.38910870279580734,-0.1890137825298059,0.0,-0.3182578703210534
2022-11-28,2022-11-28,0.1727840962810364,19.39953810623556,9.28307204509424,-0.121429114025847,-0.30756714694253395,-0.2765035713903938,-0.22038214144621873,-0.3822580025849278,-0.41282750922499073,-0.4844805447151927,-0.9613431980046878,0.3291144255348031,-0.26074705726004754,-0.5522714299668222,-0.515088934197829,-0.46819618980890987,-0.23101735565727488,-0.1727840962810364,0.0,-0.3474998406922052
2022-12-05,2022-12-05,0.187930536758548,-6.898774983881362,0.7676203768318213,-0.2242789100586682,-0.30756714694253395,-0.5715676234765281,-0.22038214144621873,-0.3822580025849278,-0.49906506169112763,-0.4844805447151927,-0.9613431980046878,0.39094804487770546,-0.26074705726004754,-0.5522714299668222,-0.5491643865241899,-0.46819618980890987,-0.23101735565727488,-0.187930536758548,0.0,-0.3800993573756731
2022-12-12,2022-12-12,0.2054529594919161,-1.1080332409972304,-0.1747640685075148,-0.2242789100586682,-0.27690932843700805,-0.6453336364980617,-0.22038214144621873,-0.3822580025849278,-0.5853026141572646,-0.5486090540498254,-0.9613431980046878,-0.2892217678942211,-0.31139341549978106,-0.5522714299668222,-0.5491643865241899,-0.46819618980890987,-0.38910870279580734,-0.2054529594919161,0.0,-0.45741234126617103
2022-12-19,2022-12-19,0.1232274060233664,-21.498599439775912,-19.11976911976912,-0.2242789100586682,-0.21559369142595627,-0.7928656625411289,-0.22038214144621873,-0.3822580025849278,-0.41282750922499073,-0.5486090540498254,-0.9613431980046878,-0.2892217678942211,-0.31139341549978106,-0.5522714299668222,-0.5491643865241899,-0.46819618980890987,-0.38910870279580734,-0.1232274060233664,0.0,-0.45125100441615257
